{
	"partitions" : [
		{
			"name" : "Top",
			"pins" : [
				{
					"name" : "out",
					"strict" : false
				},
				{
					"name" : "in4",
					"strict" : false
				},
				{
					"name" : "in3",
					"strict" : false
				},
				{
					"name" : "sel[0]",
					"strict" : false
				},
				{
					"name" : "sel[2]",
					"strict" : false
				},
				{
					"name" : "in2",
					"strict" : false
				},
				{
					"name" : "in1",
					"strict" : false
				},
				{
					"name" : "sel[1]",
					"strict" : false
				},
				{
					"name" : "in8",
					"strict" : false
				},
				{
					"name" : "in7",
					"strict" : false
				},
				{
					"name" : "in6",
					"strict" : false
				},
				{
					"name" : "in5",
					"strict" : false
				}
			]
		}
	]
}